AB	1.1.8	252
AB	1.1.9	564
AB	1.1.10	565
AB	1.1.12	506
AB	1.2.1	581
AB	1.2.4	494
AB	1.2.5	538;564
AB	1.3.1	566
AB	1.3.3	218
AB	1.3.10	566
AB	1.3.20	97
AB	1.4.7	566
AB	1.4.10	99
AB	1.5.15	567
AB	1.5.25	568
AB	1.6.1	58;564
AB	1.6.3	124
AB	1.6.7	428;493
AB	1.6.11	173;282;545;586
AB	1.7.1	566
AB	1.7.3	74;212;429
AB	1.7.4	309;513
AB	1.7.9	523
AB	1.7.10	526
AB	1.7.15	526
AB	1.8.5.566
AB	1.8.15	526
AB	1.8.16	79
AB	1.9.1	6;445
AB	1.10.2	498;567
AB	1.10.3	498
AB	1.11.14	502
AB	1.12.7	425
AB	1.13.8	132;568
AB	1.13.12	260;515
AB	1.13.18	64
AB	1.13.24	542
AB	1.13.26	572
AB	1.14.5	430
AB	1.15.5	494;572
AB	1.15.6	479
AB	1.15.6	527
AB	1.16.9	348;542
AB	1.16.12	592
AB	1.17.15	568
AB	1.18	300
AB	1.18.1	293
AB	1.21	10;517
AB	1.22	10;160;517
AB	1.22.14	565
AB	1.23	491
AB	1.23.1	238;534;595
AB	1.23.2	108
AB	1.24.3	564
AB	1.24.4	124;565
AB	1.24.5	319
AB	1.25.2	57;239;566
AB	1.25.3	256
AB	1.25.6	484
AB	1.25.11	566
AB	1.25.13	121;430
AB	1.25.15	477
AB	1.26.1	66
AB	1.27	300
AB	1.27.1	135;296
AB	1.27.4	399
AB	1.28.9	567
AB	1.28.16	505;562
AB	1.28.29	66
AB	1.28.41	97
AB	1.29.19	351
AB	1.30.27	347;599
AB	1.30.28	498
AB	2.1.1	79;292
AB	2.1.3	54;89;425;427
AB	2.1.6	52
AB	2.1.7	178
AB	2.2.5	325
AB	2.2.17	262
AB	2.2.31	53
AB	2.3	300
AB	2.3.3	143;149;255;527
AB	2.3.10	494
AB	2.4	487
AB	2.4.4	563
AB	2.5.9	564
AB	2.6.5	493;570
AB	2.6.6	347
AB	2.7.2	159
AB	2.7.6	345;430
AB	2.7.9	126
AB	2.9.1	565
AB	2.10.1	161
AB	2.11.1	292;464;469
AB	2.12.2	317
AB	2.13.6	495
AB	2.13.9	392
AB	2.14.1	563;570
AB	2.14.2	567
AB	2.14.3	348
AB	2.14.5	346
AB	2.15	300
AB	2.15	431
AB	2.15.9	431
AB	2.16	300
AB	2.16.1	235;266;292;587
AB	2.16.3	296
AB	2.16.4	360
AB	2.19	300
AB	2.19.1	108;160;285
AB	2.19.7	188
AB	2.20.7	292
AB	2.20.18	88;348
AB	2.21.2	343Anm.
AB	2.23.3	286
AB	2.25.1	160;308;539
AB	2.25.2	14
AB	2.25.6	104;252
AB	2.28.3	343Anm.
AB	2.28.5	291
AB	2.29.7	343Anm.
AB	2.31.2	54;563
AB	2.31.6	291
AB	2.33.5	300
AB	2.34.3	563
AB	2.35.2	97
AB	2.37.1	58
AB	2.37.14	52
AB	2.38.8	359
AB	2.38.10	563
AB	2.39.11	159;507
AB	2.40.2	297
AB	2.40.6	142;564
AB	2.40.7	162
AB	2.41.4	297;563
AB	3.1.1	257
AB	3.3.2	59
AB	3.4.7	100
AB	3.4.10	347
AB	3.6.1	564
AB	3.6.2	563
AB	3.7.3	153;398
AB	3.7.7	251;568
AB	3.7.9	594
AB	3.8.1	563
AB	3.8.2	297;498
AB	3.8.9	53
AB	3.9.1	404
AB	3.10.5	350
AB	3.11.3	492
AB	3.11.8	56
AB	3.11.16	565
AB	3.13	300
AB	3.13.1	246
AB	3.13.2	517
AB	3.14	300
AB	3.14.1	177
AB	3.14.2	429
AB	3.15	300
AB	3.15.1	171
AB	3.15.2	291;308
AB	3.16.1	378;498
AB	3.26.2	498
AB	3.18.2	180
AB	3.18.4	54
AB	3.18.6	350
AB	3.18.11	4;345;430
AB	3.19.4	163
AB	3.19.15	226;498
AB	3.20	299
AB	3.20.1	246;308;498
AB	3.21	300
AB	3.21.1	25;308
AB	3.21.2	246;568
AB	3.21.4	251
AB	3.22.1	120
AB	3.22.7	111
AB	3.22.8	300
AB	3.23	300
AB	3.27.1	179
AB	3.28.1	167
AB	3.28.2	429
AB	3.30.2	293
AB	3.30.4	64
AB	3.31.4	54
AB	3.31.4	566
AB	3.31.8	398
AB	3.32.3	288
AB	3.33.1	87.564
AB	3.33.5	506
AB	3.34.1	564
AB	3.34.3	564
AB	3.35	300;462
AB	3.35.2	599
AB	3.35.4	397
AB	3.36	300
AB	3.36.2	527
AB	3.37.1	183
AB	3.37.3	566
AB	3.37.6	564
AB	3.37.9	337
AB	3.37.19	402;404
AB	3.38.4	350
AB	3.39.1	293;429;599
AB	3.41.1	517;536
AB	3.41.4	114
AB	3.42.1	237;257;380
AB	3.44.3.	69;498
AB	3.44.5	159;195;347
AB	3.44.7	237
AB	3.46.6	348
AB	3.47	10
AB	3.47.1	350;377
AB	3.47.10	55
AB	3.47.12	14
AB	3.48.8	88.430
AB	3.49.4	295
AB	3.49.5	300
AB	3.50.1	83;294
AB	3.50.2	260Anm.
AB	4.2.4	348
AB	4.4.4	350
AB	4.5.1	294;477
AB	4.5.3	404
AB	4.7.1	564
AB	4.7.4	237
AB	4.7.7	343Anm.
AB	4.8.3	300;429
AB	4.8.5	54
AB	4.9.8	350
AB	4.10.15	591
AB	4.12.8	297;298
AB	4.12.9	347
AB	4.13.4	53;350
AB	4.14.1	52
AB	4.16.1	202
AB	4.16.5	52
AB	4.17.5	292;300
AB	4.22.5	247
AB	4.23.3	516
AB	4.24.1	452
AB	4.24.3	243
AB	4.25.1	294;515
AB	4.25.3	54
AB	4.25.5	317
AB	4.25.8	150;258
AB	4.26.1	97;250
AB	4.27.4	53;403
AB	4.27.9	552
AB	4.30.6	366
AB	4.32.7	54;148
AB	5.4.15	297
AB	5.4.21	128
AB	5.6. 12
AB	5.9.5	114
AB	5.14. 285
AB	5.14.2	284
AB	5.14.3	82
AB	5.14.6	238;495;544;552;562
AB	5.15.4	427;563
AB	5.25.17	297
AB	5.27.10	347
AB	5.28.2	446
AB	5.28.3	403
AB	5.29.1	296
AB	5.30.1	568
AB	5.30.3	296
AB	5.30.8	212
AB	5.30.12	99
AB	5.31.1	99
AB	5.32.5	199;348
AB	5.33.3	174
AB	5.34.1	248;260;378;496;580
AB	5.34.4	348
AB	6.1.1	52;118;291
AB	6.1.6	70
AB	6.2.2	81
AB	6.2.6	217;553
AB	6.3.1	261
AB	6.3.4	94
AB	6.3.8	61
AB	6.3.12	445
AB	6.4.1	56;238
AB	6.6.3	262
AB	6.8.4	436
AB	6.8.7	73
AB	6.8.9	185
AB	6.9.7	68;575
AB	6.11.4	132
AB	6.12.2	581
AB	6.13.7	581
AB	6.14.4	159
AB	6.15.11	235
AB	6.15.12	52
AB	6.18.1	186
AB	6.18.10	262
AB	6.19.1	402
AB	6.19.7	390
AB	6.19.8	252
AB	6.21.10	350
AB	6.21.14	262
AB	6.22.9	182
AB	6.23.1	11
AB	6.23.5	428
AB	6.23.8	350
AB	6.24.13	343Anm.
AB	6.24.16	291
AB	6.25.7	347
AB	6.26.1	21
AB	6.26.6	343Anm.
AB	6.27.14	74
AB	6.28.2	79
AB	6.28.6	403
AB	6.28.7	276
AB	6.29.4	60;239
AB	6.30.7	430
AB	6.30.9	285
AB	6.30.10;11	108
AB	6.32.1	292
AB	6.33.3	241
AB	6.33.4	282
AB	6.34.	282
AB	6.34.2	119
AB	6.34.3	242
AB	6.34.4	251
AB	6.35.3	347
AB	6.35.4	125;553
AB	6.54.9	337
AB	7.1.1	289
AB	7.1.2	347
AB	7.1.6	299
AB	7.2.1	567
AB	7.2.2	349;436
AB	7.2.3	568
AB	7.2.6	431
AB	7.2.7	347
AB	7.5.1	352;429
AB	7.5.6	348
AB	7.6.1	347
AB	7.7.4	347
AB	7.9.8	476
AB	7.12.1	114
AB	7.12.3	56;58
AB	7.12.7	241;291
AB	7.13.	500
AB	7.13.1	86;162
AB	7.14.1	308
AB	7.14.2	153
AB	7.14.3	266;515;591
AB	7.14.4	516
AB	7.15.2	125
AB	7.15.7	9;162
AB	7.15.8	134
AB	7.16.1	147
AB	7.16.3	292
AB	7.16.7	256
AB	7.16.8	294
AB	7.16.10	126
AB	7.16.13	503
AB	7.17.3	111
AB	7.19.1	56
AB	7.19.2	58;64
AB	7.19.4	261
AB	7.20.1	87
AB	7.22.1	349
AB	7.24.1	113
AB	7.25.1	11
AB	7.26.1	11
AB	7.26.6	291
AB	7.27.1	260
AB	7.27.3	563
AB	7.27.4	390;516
AB	7.28.1	253;281;527
AB	7.28.2	552
AB	7.29.2	112;430;591
AB	7.29.3	153;398
AB	7.33.1	347
AB	8.2.3	162
AB	8.5.4	100
AB	8.6.2	99
AB	8.7.6	464
AB	8.7.8	430
AB	8.9.1	436
AB	8.10.2	97
AB	8.10.3	329
AB	8.12.5	248
AB	8.17.5	428
AB	8.23.10	428
AB	8.23.11	235;359;378;545
AB	8.25.1	477
AB	8.26.4	20;445
AB	8.28.3	4
AB	8.28.19	258
MS	1.4.5	489
MS	1.4.5 (52.9)	521
MS	1.4.5 (52.11)	448
MS	1.4.5 (52.14)	98;157;334;431
MS	1.4.5 (52.18)	288
MS	1.4.5 (53.3)	513
MS	1.4.5 (53.6)	593
MS	1.4.5 (53.10)	295;443;496;505
MS	1.4.5 (53.11)	502
MS	1.4.5 (53.15)	337;477;505
MS	1.4.6 (53.16)	487
MS	1.4.6 (53.18)	346;575
MS	1.4.6 (54.2)	575
MS	1.4.6 (54.3)	262
MS	1.4.6 (54.5)	541
MS	1.4.6 (54.7)	583
MS	1.4.6 (54.8)	77
MS	1.4.6 (54.9)	60
MS	1.4.7 (54.16)	182
MS	1.4.7 (54.15)	286
MS	1.4.7 (55.5)	484
MS	1.4.7 (55.6)	60
MS	1.4.7 (55.10)	287
MS	1.4.8 (55.19)	486
MS	1.4.8 (56.3)	237
MS	1.4.8 (56.4)	182
MS	1.4.8 (56.6)	117
MS	1.4.8 (56.12)	344;565
MS	1.4.8 (56.17)	344;524;563
MS	1.4.9 (57.4)	443
MS	1.4.9 (57.13)	62
MS	1.4.10 (58.1)	566
MS	1.4.10 (58.4)	69
MS	1.4.10 (58.11)	58;98
MS	1.4.10 (58.13)	431
MS	1.4.10 (58.14)	397
MS	1.4.10 (58.17)	583
MS	1.4.10 (58.19)	160;564
MS	1.4.10 (58.20)	160;392
MS	1.4.10 (59.1)	40
MS	1.4.10 (59.3)	541
MS	1.4.10 (59.4)	518
MS	1.4.10 (59.5)	351
MS	1.4.11 (59.8)	58
MS	1.4.11 (59.10)	589
MS	1.4.11 (59.11)	42
MS	1.4.11 (59.12)	80
MS	1.4.11 (60.2)	597
MS	1.4.11 (60.3)	179;588
MS	1.4.11 (60.4)	162;246
MS	1.4.11 (60.5)	499
MS	1.4.11 (60.15)	528
MS	1.4.12 (60.12)	335
MS	1.4.12 (60.14)	37;97
MS	1.4.12 (60.16)	485
MS	1.4.12 (60.17)	179;596
MS	1.4.12 (61.3)	80
MS	1.4.12 (61.7)	402
MS	1.4.12 (61.11)	195
MS	1.4.12 (61.14)	41
MS	1.4.12 (62.4)	299
MS	1.4.12 (62.7)	392;528
MS	1.4.13 (62.9)	568
MS	1.4.13 (62.10)	156
MS	1.4.13 (62.15)	568
MS	1.4.13 (62.16)	166;179
MS	1.4.13 (62.19)	10;267;339
MS	1.4.13 (63.4)	77Anm.
MS	1.4.13 (63.5)	136
MS	1.4.13 (63.7)	344
MS	1.4.14 (63.15)	27;83
MS	1.4.14 (63.16)	220
MS	1.4.14 (64.11)	351
MS	1.4.14 (64.12)	528;521
MS	1.4.15 (65.4)	513
MS	1.5.5 (73.11)	210
MS	1.5.7 (75.11)	210
MS	1.5.7 (75.1)	40;256
MS	1.5.7 (75.4)	222;399;507;600
MS	1.5.7 (75.5) 518
MS	1.5.7 (75.9)	575
MS	1.5.7 (75.12)	403
MS	1.5.8 (76.4)	525
MS	1.5.8 (76.5)	513;525
MS	1.5.8 (76.11)	39
MS	1.5.8 (76.15)	502
MS	1.5.9 (78.1)	178;542
MS	1.5.9 (78.3)	528
MS	1.5.9 (78.4)	525
MS	1.5.9 (78.5)	212
MS	1.5.9 (78.7)	472
MS	1.5.10 (78.9)	403
MS	1.5.10 (78.10)	281
MS	1.5.11 (79.14)	122
MS	1.5.11 (79.19)	347
MS	1.5.11 (80.8)	241
MS	1.5.12 (80.15)	180
MS	1.5.12 (80.18)	339;565
MS	1.5.12 (81.2)	484
MS	1.5.12 (81.3)	283;577
MS	1.5.12 (81.4)	41
MS	1.5.12 (81.5)	58
MS	1.5.12 (81.12)	53
MS	1.5.13 (82.2)	170
MS	1.5.13 (82.4)	427
MS	1.5.13 (82.7)	397
MS	1.6.2 (89.9)	430
MS	1.6.2 (89.11)	287
MS	1.6.3 (89.8)	566
MS	1.6.3 (89.9)	543
MS	1.6.3 (89.11)	425
MS	1.6.3 (89.12)	 58;593
MS	1.6.3 (90.1)	292
MS	1.6.3 (90.6)	142
MS	1.6.3 (90.7)	236
MS	1.6.3 (90.8)	274
MS	1.6.3 (90.10)	242
MS	1.6.3 (90.15)	575
MS	1.6.3 (91.7)	242
MS	1.6.3 (91.8)	594
MS	1.6.3 (91.11)	273
MS	1.6.4 (91.16)	429;577
MS	1.6.4 (92.4)	582
MS	1.6.4 (92.7)	408
MS	1.6.4 (92.10)	469
MS	1.6.4 (93.3)	64;262
MS	1.6.4 (93.6)	572
MS	1.6.4 (93.7)	592
MS	1.6.4 (93.8)	334
MS	1.6.4 (93.9)	251;408
MS	1.6.4 (93.10)	344;350;427
MS	1.6.5 (93.15)	287
MS	1.6.5 (93.16)	101;267
MS	1.6.5 (93.18)	143
MS	1.6.5 (94.3)	39;251
MS	1.6.5 (94.8)	430;518
MS	1.6.5 (95.2)	429
MS	1.6.5 (95.4)	593
MS	1.6.5 (95.7)	234
MS	1.6.5 (95.10)	42;589
MS	1.6.5 (96.7)	344
MS	1.6.7 (96.19)  49
MS	1.6.7 (97.3)	41
MS	1.6.7 (97.17)	592
MS	1.6.7 (98.1)	108;594
MS	1.6.7 (98.2)	240
MS	1.6.7 (98.3)	563
MS	1.6.8 (99.13)	592
MS	1.6.8 (99.14)	159;524
MS	1.6.8 (99.15)	582
MS	1.6.8 (100.2)	60
MS	1.6.8 (100.8)	10
MS	1.6.9 (101.2)	48Anm.;292
MS	1.6.9 (101.3)	239
MS	1.6.9 (101.16)	180
MS	1.6.9 (101.17)	58
MS	1.6.10 (102.1)	397;427;431
MS	1.6.10 (102.9)	427
MS	1.6.10 (102.14)	292
MS	1.6.10 (102.16)	42
MS	1.6.10 (102.17)	320
MS	1.6.10 (103.2)	267
MS	1.6.10 (103.3)	105;226
MS	1.6.11 (103.10)	350
MS	1.6.11 (103.13)	58
MS	1.6.11 (103.19)	240
MS	1.6.11 (104.1)	68
MS	1.6.11 (104.6)	178;243
MS	1.6.12 (104.10)	392
MS	1.6.12 (104.11)	86
MS	1.6.12 (104.14)	346
MS	1.6.12 (104.15)	580
MS	1.6.12 (105.1)	103;166;399
MS	1.6.12 (105.2)	255
MS	1.6.12 (105.3)	565
MS	1.6.12 (105.5)	313
MS	1.6.12 (105.9)	541
MS	1.6.12 (105.11)	256
MS	1.6.12 (106.2)	294
MS	1.6.12 (106.3)	43
MS	1.6.12 (106.4)	64
MS	1.6.13 (107.4)	41
MS	1.6.13 (107.5)	283;518
MS	1.6.13 (107.8)	291
MS	1.6.13 (107.13)	42
MS	1.7.1 (110.9)	563
MS	1.7.1 (110.10)	427
MS	1.7.2 (110.16)	348
MS	1.7.2 (110.17)	206
MS	1.7.2 (111.2)	320
MS	1.7.2 (111.3)	487
MS	1.7.3 (111.18)	572
MS	1.7.3 (112.3)	298
MS	1.7.3 (112.5)	344
MS	1.7.5 (113.14)	180
MS	1.7.5 (113.15)	150
MS	1.8.1 (114.11)	199
MS	1.8.1 (114.14)	177
MS	1.8.1 (115.2)	366+564
MS	1.8.1 (115.5)	150
MS	1.8.1 (115.7)	41+297
MS	1.8.1 (116.2)	516
MS	1.8.1 (116.4)	102
MS	1.8.2 (116.9)	42
MS	1.8.2 (116.11)	529+552
MS	1.8.2 (117.1)	38
MS	1.8.2 (117.2)	499
MS	1.8.2 (117.3)	588
MS	1.8.2 (117.6)	50
MS	1.8.2 (117.7)	344
MS	1.8.2 (117.10)	58
MS	1.8.2 (117.16)	58
MS	1.8.2 (117.17)	335
MS	1.8.3 (118.1)	524
MS	1.8.3 (119.1)	592
MS	1.8.3 (119.3)	40
MS	1.8.4 (119.14)	48+241
MS	1.8.4 (120.12)	313+363
MS	1.8.4 (120.15)	74
MS	1.8.4 (120.16)	528
MS	1.8.5 (122.1)	182
MS	1.8.5 (122.4)	408
MS	1.8.5 (122.11)	373
MS	1.8.6 (122.19)	473
MS	1.8.6 (123.12)	297+599
MS	1.8.6 (123.15)	57+427
MS	1.8.6 (123.17)	349
MS	1.8.6 (123.18)	377
MS	1.8.6 (124.1)	266
MS	1.8.6 (124.2)	408
MS	1.8.6 (124.10)	451
MS	1.8.7 (125.1)	174
MS	1.8.7 (125.3)	284
MS	1.8.7 (125.5)	472
MS	1.8.7 (125.11)	431
MS	1.8.7 (126.1)	340
MS	1.8.7 (126.3)	43
MS	1.8.7 (126.6)	399
MS	1.8.7 (126.10)	267
MS	1.8.8 (127.7)	518
MS	1.8.8 (128.7)	298
MS	1.8.8 (128.9)	156
MS	1.8.9 (128.15)	529
MS	1.8.9 (129.3)	340
MS	1.8.9 (129.5)	100
MS	1.8.9 (129.6)	5
MS	1.8.9 (129.7)	575+597
MS	1.8.9 (129.12)	589
MS	1.8.9 (130.3)	347+408
MS	1.8.9 (130.9)	347+408
MS	1.9.2 (132.2)	58
MS	1.9.3 (132.8)	179+262
MS	1.9.3 (132.15)	39+40
MS	1.9.3 (132.17)	40
MS	1.9.3 (132.18)	294
MS	1.9.3 (132.19)	400+507
MS	1.9.3 (132.20)	367
MS	1.9.4 (135.1)	550
MS	1.9.4 (135.4)	498
MS	1.9.4 (135.16)	150
MS	1.9.5 (135.12)	57+249+262
MS	1.9.5 (135.16)	161+265+275+600
MS	1.9.5 (136.3)	150
MS	1.9.5 (136.5)	59
MS	1.9.5 (137.5)	398
MS	1.9.6 (137.14)	41
MS	1.9.6 (137.18)	518
MS	1.9.7 (138.10)	581
MS	1.9.7 (138.12)	170
MS	1.9.7 (138.16)	254
MS	1.9.7 (138.17)	568
MS	1.9.8 (139.4)	484
MS	1.9.8 (139.6)	43+469
MS	1.9.8 (139.16)	180
MS	1.9.8 (140.6)	9
MS	1.10.5 (145.1)	39
MS	1.10.6 (146.7)	298
MS	1.10.7 (147.5)	258
MS	1.10.7 (147.6)	542
MS	1.10.7 (148.2)	208
MS	1.10.8 (148.5)	100
MS	1.10.8 (149.1)	351
MS	1.10.9 (149.3)	575
MS	1.10.9 (150.6)	427
MS	1.10.10 (150.12)	572
MS	1.10.10 (150.15)	227
MS	1.10.10 (151.1)	583
MS	1.10.11 (151.3)	153
MS	1.10.11 (151.4)	139
MS	1.10.11 (151.10)	57
MS	1.10.12 (151.19)	115
MS	1.10.12 (152.1)	298+525
MS	1.10.12 (152.3)	429
MS	1.10.12 (152.15)	298
MS	1.10.13 (152.12)	404
MS	1.10.13 (152.17)	42
MS	1.10.13 (152.19)	275
MS	1.10.14 (153.18)	220
MS	1.10.14 (153.19)	48
MS	1.10.14 (153.20)	540
MS	1.10.14 (154.1)	590
MS	1.10.14 (154.4)	429
MS	1.10.15 (154.11)	179
MS	1.10.15 (154.13)	521
MS	1.10.16 (155.8)	295Anm.
MS	1.10.16 (155.15)	428
MS	1.10.16 (155.9)	262
MS	1.10.16 (155.10)	582
MS	1.10.16 (155.11)	344
MS	1.10.16 (155.15)	240
MS	1.10.16 (156.3)	276
MS	1.10.16 (156.5)	169+237
MS	1.10.17 (156.9)	259
MS	1.10.18 (158.5)	254
MS	1.10.18 (158.12)	58
MS	1.10.18 (158.13)	41
MS	1.10.18 (158.14)	572
MS	1.10.18 (158.16)	245
MS	1.10.19 (159.4)	431
MS	1.10.19 (159.10)	428
MS	1.10.20 (159.18)	344
MS	1.11.5 (166.17)	498
MS	1.11.5 (166.18)	572
MS	1.11.5 (167.8)	58+525
MS	1.11.5 (167.18)	564+569
MS	1.11.6 (167.14)	111
MS	1.11.6 (167.5)	428
MS	1.11.7 (169.9)	289
MS	1.11.7 (167.10)	68
MS	1.11.7 (169.12)	240
MS	1.11.8 (169.16)	86Anm.
MS	1.11.8 (170.7)	64
MS	1.11.9 (170.15)	583
MS	1.11.9 (170.18)	41
MS	1.11.9 (170.19)	66
MS	1.11.9 (170.20)	66
MS	1.11.9 (171.7)	257
MS	1.11.9 (171.11)	268+428
MS	2.1.1 (1.2)	237
MS	2.1.1 (1.5)	340
MS	2.1.1 (1.8)	58
MS	2.1.1 (1.12)	351
MS	2.1.2 (2.8)	149+272
MS	2.1.2 (2.11)	351
MS	2.1.2 (2.15)	62
MS	2.1.1 (3.3)	239
MS	2.1.2 (3.14)	225
MS	2.1.3 (4.3)	56
MS	2.1.3 (4.4)	320+596
MS	2.1.3 (4.5)	159
MS	2.1.3 (4.8)	339
MS	2.1.3 (4.9)	288
MS	2.1.3 (4.12)	338
MS	2.1.4 (5.10)	320
MS	2.1.4 (5.11)	48
MS	2.1.4 (6.6)	157
MS	2.1.5 (6.15)	154
MS	2.1.5 (6.19)	243
MS	2.1.5 (6.20)	148
MS	2.1.5 (7.2)	163+171+180
MS	2.1.5 (7.3)	18+335
MS	2.1.6 (7.15)	225
MS	2.1.6 (7.16)	314
MS	2.1.6 (7.17)	64
MS	2.1.6 (8.1)	5
MS	2.1.6 (8.2)	334
MS	2.1.6 (8.3)	259
MS	2.1.7 (8.6)	160+181
MS	2.1.7 (8.20)	100
MS	2.1.8 (9.10)	42
MS	2.1.8 (9.11)	39+40
MS	2.1.8 (9.12)	346+351
MS	2.1.8 (9.13)	296
MS	2.1.8 (9.17)	64+154
MS	2.1.8 (9.18)	160
MS	2.1.8 (10.1)	251
MS	2.1.8 (10.3)	9+101
MS	2.1.8 (10.8)	351
MS	2.1.9 (10.13)	225
MS	2.1.9 (10.16)	331
MS	2.1.9 (10.18)	41
MS	2.1.9 (10.19)	527
MS	2.1.9 (11.1)	200
MS	2.1.10 (11.19)	225
MS	2.1.10 (11.20)	427
MS	2.1.10 (12.3)	297
MS	2.1.10 (12.4)	169
MS	2.1.10 (12.7)	160+425
MS	2.1.10 (12.15)	179
MS	2.1.11 (12.19)	390
MS	2.1.11 (13.2)	58
MS	2.1.11 (13.3)	63+119
MS	2.1.11 (13.4)	293
MS	2.1.11 (13.5)	136
MS	2.2.1 (15.2)	348
MS	2.2.1 (15.3)	182+187
MS	2.2.1 (15.4)	351
MS	2.2.2 (16.16)	427
MS	2.2.3 (16.21)	599
MS	2.2.3 (17.9)	78
MS	2.2.4 (18.2)	179
MS	2.2.4 (18.9)	389
MS	2.2.4 (18.10)	243
MS	2.2.7 (21.6)	225
MS	2.2.7 (21.9)	533+596
MS	2.2.9 (22.14)	6
MS	2.2.12 (24.19)	497
MS	2.2.13 (25.17)	497
MS	2.3.1 (26.12)	431
MS	2.3.2 (29.4)	288
MS	2.3.3 (29.20)	462
MS	2.3.3 (30.2)	182+344
MS	2.3.5 (32.8)	40
MS	2.3.5 (32.13)	18+157
MS	2.3.5 (33.14)	397
MS	2.3.6 (34.4)	41
MS	2.3.7 (21.6)	540
MS	2.3.9 (37.9)	105+226
MS	2.3.9 (37.15)	266
MS	2.4.1 (38.3)	361
MS	2.4.2 (39.19)	226
MS	2.4.3 (40.6)	520
MS	2.4.3 (40.10)	130
MS	2.4.6 (40.13)	506
MS	2.4.6 (40.16)	43
MS	2.4.3 (40.19)	221
MS	2.4.3 (41.5)	221
MS	2.4.3 (41.13)	329
MS	2.4.3 (42.17)	497
MS	2.4.5 (42.20)	290
MS	2.4.6 (43.11)	399
MS	2.4.8 (45.13)	210
MS	2.4.8 (46.2)	40
MS	2.5.1 (46.13)	36+38
MS	2.5.1 (47.13)	299
MS	2.5.1 (47.17)	431
MS	2.5.1 (48.2)	297
MS	2.5.2 (49.4)	161+265+275+340
MS	2.5.4 (52.2)	5
MS	2.5.4 (52.12)	119
MS	2.5.5 (54.6)	297+298
MS	2.5.6 (54.17)	225
MS	2.5.7 (56.14)	238
MS	2.5.8 (58.4)	40
MS	2.5.9 (59.5)	90+431+452
MS	2.5.9 (60.3)	9+127
MS	2.5.9 (60.4)	262
MS	2.5.11 (62.8)	136
MS	2.5.11 (63.13)	297
MS	2.5.11 (63.15)	267
MS	3.1.1 (1.9)	136
MS	3.1.1 (1.11)	600
MS	3.1.1 (1.15)	163
MS	3.1.2 (2.17)	8
MS	3.1.2 (3.7)	155
MS	3.1.3 (3.9)	126
MS	3.1.3 (3.16)	137
MS	3.1.3 (4.1)	148
MS	3.1.3 (4.3)	142
MS	3.1.3 (4.7)	179
MS	3.1.4 (5.2)	288Anm.
MS	3.1.5 (6.6)	428
MS	3.1.5 (7.3)	170Anm.
MS	3.1.6 (7.17)	430
MS	3.1.6 (8.6)	183
MS	3.1.8 (9.17)	161
MS	3.1.8 (11.4)	64
MS	3.1.9 (11.12)	40
MS	3.1.9 (12.17)	171
MS	3.1.10 (13.15)	463
MS	3.2.2 (16.17)	298
MS	3.2.2 (17.7)	431
MS	3.2.3 (19.14)	430
MS	3.2.4 (20.4)	157
MS	3.2.4 (21.11)	185
MS	3.2.5 (22.1)	166
MS	3.2.5 (22.20)	156
MS	3.2.6 (23.5)	145
MS	3.2.7 (25.18)	443
MS	3.2.7 (26.13)	133
MS	3.2.7 (27.9)	427
MS	3.2.10 (30.17)	127
MS	3.3.1 (32.10)	398
MS	3.3.3 (35.16)	499
MS	3.3.4 (36.13)	520
MS	3.3.5 (38.1)	108
MS	3.3.7 (39.19)	60
MS	3.3.8 (40.16)	445
MS	3.3.8 (41.15)	79
MS	3.3.10 (44.3)	202
MS	3.3.10 (44.5)	126
MS	3.3.10 (44.15)	88
MS	3.4.1 (45.1)	157
MS	3.4.1 (46.1)	136
MS	3.4.2 (46.9)	156
MS	3.4.3 (47.6)	473
MS	3.4.3 (48.1)	276
MS	3.4.4 (49.16)	148
MS	3.4.6 (52.1)	94
MS	3.4.6 (52.15)	445
MS	3.4.8 (56.5)	430
MS	3.4.8 (56.10)	399+507
MS	3.4.9 (57.4)	4
MS	3.6.1 (59.5)	361
MS	3.6.1 (60.1)	168
MS	3.6.2 (61.16)	399
MS	3.6.2 (62.1)	101
MS	3.6.2 (62.2)	497
MS	3.6.3 (63.13)	131
MS	3.6.3 (62.10)	221
MS	3.6.3 (63.2)	150
MS	3.6.3 (63.3)	442
MS	3.6.3 (63.13)	60+87
MS	3.6.4 (63.16)	221
MS	3.6.6 (66.13)	263
MS	3.6.6 (67.4)	165+274
MS	3.6.6 (67.Ende)	88
MS	3.6.7 (68.13)	130
MS	3.6.7 (69.10)	263
MS	3.6.7 (69.17)	541
MS	3.6.9 (72.17)	407
MS	3.6.10 (74.5)	196
MS	3.6.10 (74.8)	399
MS	3.7.1 (75.1)	262
MS	3.7.1 (75.5)	309
MS	3.7.3 (77.8)	263
MS	3.7.3 (78.2)	80
MS	3.7.3 (78.5)	162
MS	3.7.7 (84.15)	202
MS	3.7.7 (84.18)	240
MS	3.7.7 (85.10)	240
MS	3.7.8 (87.4)	430
MS	3.7.10 (90.11)	427
MS	3.8.2 (93.4)	179
MS	3.8.2 (93.13)	464
MS	3.8.2 (94.1)	428+430
MS	3.8.3 (95.1)	599
MS	3.9.3 (96.13)	60
MS	3.8.4 (97.8)	198
MS	3.8.4 (97.17)	119
MS	3.8.5 (99.9)	545
MS	3.8.5 (101.14)	119
MS	3.8.6 (102.18)	515
MS	3.8.6 (103.10)	430
MS	3.8.7 (104.4)	430
MS	3.8.7 (105.2)	128
MS	3.8.10 (109.14)	449
MS	3.8.10 (109.16)	540
MS	3.8.10 (110.5)	464
MS	3.8.10 (111.12)	425
MS	3.9.1 (112.1)	443
MS	3.9.1 (112.2)	541
MS	3.9.3 (116.6)	430
MS	3.9.3 (116.9)	600
MS	3.9.4 (119.9)	155
MS	3.9.4 (119.13)	502
MS	3.9.6 (124.16)	599
MS	3.9.8 (127.10)	76
MS	3.10.2 (132.10)	359
MS	3.10.6 (138.8)	427
MS	4.1.1 (1.16)	278
MS	4.1.1 (2.10)	183
MS	4.1.3 (4.9)	101
MS	4.1.9 (11.10)	431
MS	4.1.9 (12.3)	367
MS	4.1.10 (13.15)	246
MS	4.1.10 (14.5)	86
MS	4.1.10 (14.6)	70
MS	4.1.13 (18.17)	182
MS	4.2.1 (21.3)	498
MS	4.2.1 (21.8)	477
MS	4.2.1 (21.10)	599
MS	4.2.1 (22.16)	8
MS	4.2.1 (23.3)	431
MS	4.2.2 (23.12)	27
MS	4.2.3 (25.5)	149
MS	4.2.5 (27.17)	78
MS	4.2.8 (30.2)	55
MS	4.2.9 (31.4)	353
MS	4.2.9 (32.1)	477
MS	4.2.10 (34.2)	101
MS	4.2.10 (33.5)	278
MS	4.2.12 (35.9)	57
MS	4.2.12 (35.13)	9
MS	4.3.1 (39.1)	142
MS	4.3.2 (41.17)	541
MS	4.3.4 (42.14)	262
MS	4.3.6 (45.4)	431
MS	4.3.9 (48.14)	431
MS	4.4.5 (55.6)	198
MS	4.4.5 (55.18)	144
MS	4.4.6 (56.11)	428
MS	4.4.6 (57.10)	243
MS	4.4.10 (58.4)	427
MS	4.5.1 (64.6)	541
MS	4.5.2 (65.10)	431
MS	4.5.3 (66.9)	150
MS	4.5.3 (66.12)	431
MS	4.5.3 (67.9)	4
MS	4.5.6 (72.1)	428
MS	4.5.6 (72.11)	600
MS	4.5.7 (73.18)	533
MS	4.5.8 (75.1)	429
MS	4.5.9 (77.4)	429
MS	4.6.3 (81.1)	429
MS	4.6.5 (85.5)	221
MS	4.6.8 (90.5)	428
MS	4.6.8 (90.18)	429
MS	4.7.4 (99.1)	497
MS	4.7.6 (100.15)	430
MS	4.7.7 (102.15)	429
MS	4.8.1 (107.5)	600
MS	4.8.1 (107.11)	524
MS	4.8.3 (110.4)	430

